{"cameraMode":{"drawMode":0,"name":"Shaded","section":"Shading Mode"},"sceneLighting":true,"audioPlay":false,"sceneViewState":{"showFog":true,"showMaterialUpdate":false,"showSkybox":true,"showFlares":true,"showImageEffects":true,"showParticleSystems":true},"in2DMode":false,"pivot":{"x":0.09119562804698944,"y":-0.059683166444301608,"z":0.0035020112991333009},"rotation":{"x":0.13041317462921143,"y":0.1495978832244873,"z":-0.01990964449942112,"w":0.9799063801765442},"size":0.6475923657417297,"orthographic":false}